p, STUDENT, profile, read-own
p, STUDENT, profile, update-own
p, STUDENT, grade, read
p, STUDENT, document, read
p, STUDENT, document, upload
p, STUDENT, request, create
p, STUDENT, request, read

p, PROFESSOR, profile, read-own
p, PROFESSOR, group, read
p, PROFESSOR, roster, read
p, PROFESSOR, grade, read
p, PROFESSOR, grade, write

p, CAREER_HEAD, professor, create
p, CAREER_HEAD, professor, deactivate
p, CAREER_HEAD, professor, read
p, CAREER_HEAD, student, read
p, CAREER_HEAD, course, read
p, CAREER_HEAD, term, read
p, CAREER_HEAD, group, create
p, CAREER_HEAD, group, read
p, CAREER_HEAD, career, read
p, CAREER_HEAD, enrollment, create

p, ADMIN, profile, read-own
p, ADMIN, profile, update-own
p, ADMIN, user, manage
p, ADMIN, role, manage
p, ADMIN, permission, manage
p, ADMIN, audit, read
p, ADMIN, career, read
